{
    "name": "root",
    "gauges": {
        "DriveCar.Policy.Entropy.mean": {
            "value": 1.502628207206726,
            "min": 1.4990863800048828,
            "max": 1.6123420000076294,
            "count": 1473
        },
        "DriveCar.Policy.Entropy.sum": {
            "value": 81141.921875,
            "min": 53967.109375,
            "max": 87066.46875,
            "count": 1473
        },
        "DriveCar.Step.mean": {
            "value": 149049000.0,
            "min": 75449000.0,
            "max": 149049000.0,
            "count": 1473
        },
        "DriveCar.Step.sum": {
            "value": 149049000.0,
            "min": 75449000.0,
            "max": 149049000.0,
            "count": 1473
        },
        "DriveCar.Policy.ExtrinsicValueEstimate.mean": {
            "value": 9.190875053405762,
            "min": 4.550405979156494,
            "max": 9.431816101074219,
            "count": 1473
        },
        "DriveCar.Policy.ExtrinsicValueEstimate.sum": {
            "value": 459.54376220703125,
            "min": 227.52029418945312,
            "max": 471.5907897949219,
            "count": 1473
        },
        "DriveCar.Policy.CuriosityValueEstimate.mean": {
            "value": 0.05943729355931282,
            "min": 0.04848891869187355,
            "max": 0.0971311554312706,
            "count": 1473
        },
        "DriveCar.Policy.CuriosityValueEstimate.sum": {
            "value": 2.971864700317383,
            "min": 1.5403149127960205,
            "max": 4.856557846069336,
            "count": 1473
        },
        "DriveCar.IsTraining.mean": {
            "value": 1.0,
            "min": 1.0,
            "max": 1.0,
            "count": 1473
        },
        "DriveCar.IsTraining.sum": {
            "value": 1.0,
            "min": 1.0,
            "max": 1.0,
            "count": 1473
        },
        "DriveCar.Environment.EpisodeLength.mean": {
            "value": 2999.0,
            "min": 2999.0,
            "max": 2999.0,
            "count": 1363
        },
        "DriveCar.Environment.EpisodeLength.sum": {
            "value": 53982.0,
            "min": 53982.0,
            "max": 53982.0,
            "count": 1363
        },
        "DriveCar.Environment.CumulativeReward.mean": {
            "value": 269.062825732761,
            "min": 148.28489515516492,
            "max": 276.5148498535156,
            "count": 1472
        },
        "DriveCar.Environment.CumulativeReward.sum": {
            "value": 4843.130863189697,
            "min": 2103.360641479492,
            "max": 4895.950046539307,
            "count": 1472
        },
        "DriveCar.Policy.ExtrinsicReward.mean": {
            "value": 269.062825732761,
            "min": 148.28489515516492,
            "max": 276.5148498535156,
            "count": 1472
        },
        "DriveCar.Policy.ExtrinsicReward.sum": {
            "value": 4843.130863189697,
            "min": 2103.360641479492,
            "max": 4895.950046539307,
            "count": 1472
        },
        "DriveCar.Policy.CuriosityReward.mean": {
            "value": 1.7982248382435904,
            "min": 0.0,
            "max": 3.223956904241017,
            "count": 1472
        },
        "DriveCar.Policy.CuriosityReward.sum": {
            "value": 32.36804708838463,
            "min": 0.0,
            "max": 45.72330182790756,
            "count": 1472
        },
        "DriveCar.Losses.PolicyLoss.mean": {
            "value": 0.011506785011771995,
            "min": 0.008996724856582919,
            "max": 0.013150677570809507,
            "count": 340
        },
        "DriveCar.Losses.PolicyLoss.sum": {
            "value": 0.011506785011771995,
            "min": 0.008996724856582919,
            "max": 0.013150677570809507,
            "count": 340
        },
        "DriveCar.Losses.ValueLoss.mean": {
            "value": 0.01668521779079345,
            "min": 0.007484709855080361,
            "max": 0.3563578353219089,
            "count": 340
        },
        "DriveCar.Losses.ValueLoss.sum": {
            "value": 0.01668521779079345,
            "min": 0.007484709855080361,
            "max": 0.3563578353219089,
            "count": 340
        },
        "DriveCar.Policy.LearningRate.mean": {
            "value": 7.671007443000001e-05,
            "min": 7.671007443000001e-05,
            "max": 0.00018654603781799995,
            "count": 340
        },
        "DriveCar.Policy.LearningRate.sum": {
            "value": 7.671007443000001e-05,
            "min": 7.671007443000001e-05,
            "max": 0.00018654603781799995,
            "count": 340
        },
        "DriveCar.Policy.Epsilon.mean": {
            "value": 0.11278499999999998,
            "min": 0.11278499999999998,
            "max": 0.13109100000000004,
            "count": 340
        },
        "DriveCar.Policy.Epsilon.sum": {
            "value": 0.11278499999999998,
            "min": 0.11278499999999998,
            "max": 0.13109100000000004,
            "count": 340
        },
        "DriveCar.Policy.Beta.mean": {
            "value": 0.0012859430000000005,
            "min": 0.0012859430000000005,
            "max": 0.003112881800000001,
            "count": 340
        },
        "DriveCar.Policy.Beta.sum": {
            "value": 0.0012859430000000005,
            "min": 0.0012859430000000005,
            "max": 0.003112881800000001,
            "count": 340
        },
        "DriveCar.Losses.CuriosityForwardLoss.mean": {
            "value": 0.029728843697479794,
            "min": 0.023924832409691243,
            "max": 0.03381636809735071,
            "count": 340
        },
        "DriveCar.Losses.CuriosityForwardLoss.sum": {
            "value": 0.029728843697479794,
            "min": 0.023924832409691243,
            "max": 0.03381636809735071,
            "count": 340
        },
        "DriveCar.Losses.CuriosityInverseLoss.mean": {
            "value": 2.7422534936950322,
            "min": 2.480288701398032,
            "max": 3.0729756582350958,
            "count": 340
        },
        "DriveCar.Losses.CuriosityInverseLoss.sum": {
            "value": 2.7422534936950322,
            "min": 2.480288701398032,
            "max": 3.0729756582350958,
            "count": 340
        }
    },
    "metadata": {
        "timer_format_version": "0.1.0",
        "start_time_seconds": "1715420987",
        "python_version": "3.10.12 | packaged by Anaconda, Inc. | (main, Jul  5 2023, 19:01:18) [MSC v.1916 64 bit (AMD64)]",
        "command_line_arguments": "\\\\?\\C:\\Users\\nagyd\\anaconda3\\envs\\mlagents\\Scripts\\mlagents-learn results\\BiggerBuffer\\configuration.yaml --resume",
        "mlagents_version": "1.0.0",
        "mlagents_envs_version": "1.0.0",
        "communication_protocol_version": "1.5.0",
        "pytorch_version": "2.2.1+cu121",
        "numpy_version": "1.23.3",
        "end_time_seconds": "1715492679"
    },
    "total": 71692.40664799995,
    "count": 1,
    "self": 0.004931599949486554,
    "children": {
        "run_training.setup": {
            "total": 0.09376680001150817,
            "count": 1,
            "self": 0.09376680001150817
        },
        "TrainerController.start_learning": {
            "total": 71692.30794959998,
            "count": 1,
            "self": 49.50258533016313,
            "children": {
                "TrainerController._reset_env": {
                    "total": 8.199794300016947,
                    "count": 1,
                    "self": 8.199794300016947
                },
                "TrainerController.advance": {
                    "total": 71634.22773126978,
                    "count": 4092000,
                    "self": 47.54071669426048,
                    "children": {
                        "env_step": {
                            "total": 45775.84827717411,
                            "count": 4092000,