{
    "name": "root",
    "gauges": {
        "DriveCar.Policy.Entropy.mean": {
            "value": 2.5639779567718506,
            "min": 2.535161256790161,
            "max": 2.592965841293335,
            "count": 587
        },
        "DriveCar.Policy.Entropy.sum": {
            "value": 129978.296875,
            "min": 86195.484375,
            "max": 137647.8125,
            "count": 587
        },
        "DriveCar.Environment.EpisodeLength.mean": {
            "value": 970.4705882352941,
            "min": 573.9354838709677,
            "max": 1147.5434782608695,
            "count": 587
        },
        "DriveCar.Environment.EpisodeLength.sum": {
            "value": 49494.0,
            "min": 17792.0,
            "max": 57006.0,
            "count": 587
        },
        "DriveCar.Step.mean": {
            "value": 150649770.0,
            "min": 121349552.0,
            "max": 150649770.0,
            "count": 587
        },
        "DriveCar.Step.sum": {
            "value": 150649770.0,
            "min": 121349552.0,
            "max": 150649770.0,
            "count": 587
        },
        "DriveCar.Policy.ExtrinsicValueEstimate.mean": {
            "value": 6.028764724731445,
            "min": 5.437002658843994,
            "max": 6.484287261962891,
            "count": 587
        },
        "DriveCar.Policy.ExtrinsicValueEstimate.sum": {
            "value": 440.0998229980469,
            "min": 233.79110717773438,
            "max": 468.31585693359375,
            "count": 587
        },
        "DriveCar.Policy.CuriosityValueEstimate.mean": {
            "value": 1.0948745012283325,
            "min": 0.45085442066192627,
            "max": 1.1087355613708496,
            "count": 587
        },
        "DriveCar.Policy.CuriosityValueEstimate.sum": {
            "value": 79.92583465576172,
            "min": 21.07105255126953,
            "max": 82.8368148803711,
            "count": 587
        },
        "DriveCar.Environment.CumulativeReward.mean": {
            "value": 68.86007569701064,
            "min": 28.629813401929795,
            "max": 89.12600649958071,
            "count": 587
        },
        "DriveCar.Environment.CumulativeReward.sum": {
            "value": 3511.8638605475426,
            "min": 887.5242154598236,
            "max": 4349.540819168091,
            "count": 587
        },
        "DriveCar.Policy.ExtrinsicReward.mean": {
            "value": 68.86007569701064,
            "min": 28.629813401929795,
            "max": 89.12600649958071,
            "count": 587
        },
        "DriveCar.Policy.ExtrinsicReward.sum": {
            "value": 3511.8638605475426,
            "min": 887.5242154598236,
            "max": 4349.540819168091,
            "count": 587
        },
        "DriveCar.Policy.CuriosityReward.mean": {
            "value": 4.805961361118391,
            "min": 0.0,
            "max": 5.819766570742313,
            "count": 587
        },
        "DriveCar.Policy.CuriosityReward.sum": {
            "value": 245.10402941703796,
            "min": 0.0,
            "max": 302.6278616786003,
            "count": 587
        },
        "DriveCar.IsTraining.mean": {
            "value": 1.0,
            "min": 1.0,
            "max": 1.0,
            "count": 587
        },
        "DriveCar.IsTraining.sum": {
            "value": 1.0,
            "min": 1.0,
            "max": 1.0,
            "count": 587
        },
        "DriveCar.Losses.PolicyLoss.mean": {
            "value": 0.014154921331339665,
            "min": 0.012275775366376251,
            "max": 0.01832269277906562,
            "count": 356
        },
        "DriveCar.Losses.PolicyLoss.sum": {
            "value": 0.014154921331339665,
            "min": 0.012275775366376251,
            "max": 0.01832269277906562,
            "count": 356
        },
        "DriveCar.Losses.ValueLoss.mean": {
            "value": 0.04222817972913617,
            "min": 0.007756176299153594,
            "max": 0.0844669527723454,
            "count": 356
        },
        "DriveCar.Losses.ValueLoss.sum": {
            "value": 0.04222817972913617,
            "min": 0.007756176299153594,
            "max": 0.0844669527723454,
            "count": 356
        },
        "DriveCar.Policy.LearningRate.mean": {
            "value": 7.4037651320808e-05,
            "min": 7.4037651320808e-05,
            "max": 0.00011789159320282253,
            "count": 356
        },
        "DriveCar.Policy.LearningRate.sum": {
            "value": 7.4037651320808e-05,
            "min": 7.4037651320808e-05,
            "max": 0.00011789159320282253,
            "count": 356
        },
        "DriveCar.Policy.Epsilon.mean": {
            "value": 0.112339596,
            "min": 0.112339596,
            "max": 0.11964858875000005,
            "count": 356
        },
        "DriveCar.Policy.Epsilon.sum": {
            "value": 0.112339596,
            "min": 0.112339596,
            "max": 0.11964858875000005,
            "count": 356
        },
        "DriveCar.Policy.Beta.mean": {
            "value": 0.0012414916808000005,
            "min": 0.0012414916808000005,
            "max": 0.0019709291572500005,
            "count": 356
        },
        "DriveCar.Policy.Beta.sum": {
            "value": 0.0012414916808000005,
            "min": 0.0012414916808000005,
            "max": 0.0019709291572500005,
            "count": 356
        },
        "DriveCar.Losses.CuriosityForwardLoss.mean": {
            "value": 0.25035006285179406,
            "min": 0.1986237677047029,
            "max": 0.2786349826492369,
            "count": 356
        },
        "DriveCar.Losses.CuriosityForwardLoss.sum": {
            "value": 0.25035006285179406,
            "min": 0.1986237677047029,
            "max": 0.2786349826492369,
            "count": 356
        },
        "DriveCar.Losses.CuriosityInverseLoss.mean": {
            "value": 35.755048990249634,
            "min": 28.111139550805092,
            "max": 36.4862297475338,
            "count": 356
        },
        "DriveCar.Losses.CuriosityInverseLoss.sum": {
            "value": 35.755048990249634,
            "min": 28.111139550805092,
            "max": 36.4862297475338,
            "count": 356
        }
    },
    "metadata": {
        "timer_format_version": "0.1.0",
        "start_time_seconds": "1715201036",
        "python_version": "3.10.12 | packaged by Anaconda, Inc. | (main, Jul  5 2023, 19:01:18) [MSC v.1916 64 bit (AMD64)]",
        "command_line_arguments": "\\\\?\\C:\\Users\\nagyd\\anaconda3\\envs\\mlagents\\Scripts\\mlagents-learn results\\FourLayer\\configuration.yaml --resume",
        "mlagents_version": "1.0.0",
        "mlagents_envs_version": "1.0.0",
        "communication_protocol_version": "1.5.0",
        "pytorch_version": "2.2.1+cu121",
        "numpy_version": "1.23.3",
        "end_time_seconds": "1715230344"
    },
    "total": 29307.889092800004,
    "count": 1,
    "self": 0.007628199993632734,
    "children": {
        "run_training.setup": {
            "total": 0.10083850000228267,
            "count": 1,
            "self": 0.10083850000228267
        },
        "TrainerController.start_learning": {
            "total": 29307.780626100008,
            "count": 1,
            "self": 20.520427401497727,
            "children": {
                "TrainerController._reset_env": {
                    "total": 8.712776100001065,
                    "count": 1,
                    "self": 8.712776100001065
                },
                "TrainerController.advance": {
                    "total": 29278.31420339849,
                    "count": 1727108,
                    "self": 20.83262440674298,
                    "children": {
                        "env_step": {
                            "total": 18648.805001189336,
                            "count": 1727108,
                            "self": 8753.513324686486,