{
    "name": "root",
    "gauges": {
        "DriveCar.Policy.Entropy.mean": {
            "value": 0.9126111268997192,
            "min": 0.9126111268997192,
            "max": 1.0817393064498901,
            "count": 805
        },
        "DriveCar.Policy.Entropy.sum": {
            "value": 54756.66796875,
            "min": 38675.34765625,
            "max": 64829.1796875,
            "count": 805
        },
        "DriveCar.Step.mean": {
            "value": 82249000.0,
            "min": 42049000.0,
            "max": 82249000.0,
            "count": 805
        },
        "DriveCar.Step.sum": {
            "value": 82249000.0,
            "min": 42049000.0,
            "max": 82249000.0,
            "count": 805
        },
        "DriveCar.Policy.ExtrinsicValueEstimate.mean": {
            "value": 4.069719314575195,
            "min": 2.6658401489257812,
            "max": 4.132693767547607,
            "count": 805
        },
        "DriveCar.Policy.ExtrinsicValueEstimate.sum": {
            "value": 203.4859619140625,
            "min": 95.46343994140625,
            "max": 206.6346893310547,
            "count": 805
        },
        "DriveCar.Policy.CuriosityValueEstimate.mean": {
            "value": 0.036071788519620895,
            "min": 0.031429313123226166,
            "max": 0.07304960489273071,
            "count": 805
        },
        "DriveCar.Policy.CuriosityValueEstimate.sum": {
            "value": 1.8035894632339478,
            "min": 1.5345895290374756,
            "max": 3.652480125427246,
            "count": 805
        },
        "DriveCar.Environment.EpisodeLength.mean": {
            "value": 2999.0,
            "min": 2999.0,
            "max": 2999.0,
            "count": 805
        },
        "DriveCar.Environment.EpisodeLength.sum": {
            "value": 35988.0,
            "min": 35988.0,
            "max": 71976.0,
            "count": 805
        },
        "DriveCar.Environment.CumulativeReward.mean": {
            "value": 119.05204538198618,
            "min": 53.0475697517395,
            "max": 125.16722218195598,
            "count": 805
        },
        "DriveCar.Environment.CumulativeReward.sum": {
            "value": 1547.6765899658203,
            "min": 53.0475697517395,
            "max": 2795.9161262512207,
            "count": 805
        },
        "DriveCar.Policy.ExtrinsicReward.mean": {
            "value": 119.05204538198618,
            "min": 53.0475697517395,
            "max": 125.16722218195598,
            "count": 805
        },
        "DriveCar.Policy.ExtrinsicReward.sum": {
            "value": 1547.6765899658203,
            "min": 53.0475697517395,
            "max": 2795.9161262512207,
            "count": 805
        },
        "DriveCar.Policy.CuriosityReward.mean": {
            "value": 1.0507118994226823,
            "min": 0.0,
            "max": 1.4641848461081584,
            "count": 805
        },
        "DriveCar.Policy.CuriosityReward.sum": {
            "value": 13.65925469249487,
            "min": 0.0,
            "max": 30.0398074593395,
            "count": 805
        },
        "DriveCar.IsTraining.mean": {
            "value": 1.0,
            "min": 1.0,
            "max": 1.0,
            "count": 805
        },
        "DriveCar.IsTraining.sum": {
            "value": 1.0,
            "min": 1.0,
            "max": 1.0,
            "count": 805
        },
        "DriveCar.Losses.PolicyLoss.mean": {
            "value": 0.016488318856318074,
            "min": 0.012748611259851828,
            "max": 0.018701212901873987,
            "count": 478
        },
        "DriveCar.Losses.PolicyLoss.sum": {
            "value": 0.016488318856318074,
            "min": 0.012748611259851828,
            "max": 0.018701212901873987,
            "count": 478
        },
        "DriveCar.Losses.ValueLoss.mean": {
            "value": 0.004752083663333906,
            "min": 0.0023780756282576476,
            "max": 0.025645771995186806,
            "count": 478
        },
        "DriveCar.Losses.ValueLoss.sum": {
            "value": 0.004752083663333906,
            "min": 0.0023780756282576476,
            "max": 0.025645771995186806,
            "count": 478
        },
        "DriveCar.Policy.LearningRate.mean": {
            "value": 5.3472082175999985e-05,
            "min": 5.3472082175999985e-05,
            "max": 0.000173676042108,
            "count": 478
        },
        "DriveCar.Policy.LearningRate.sum": {
            "value": 5.3472082175999985e-05,
            "min": 5.3472082175999985e-05,
            "max": 0.000173676042108,
            "count": 478
        },
        "DriveCar.Policy.Epsilon.mean": {
            "value": 0.10891200000000004,
            "min": 0.10891200000000004,
            "max": 0.128946,
            "count": 478
        },
        "DriveCar.Policy.Epsilon.sum": {
            "value": 0.10891200000000004,
            "min": 0.10891200000000004,
            "max": 0.128946,
            "count": 478
        },
        "DriveCar.Policy.Beta.mean": {
            "value": 0.0008994176000000002,
            "min": 0.0008994176000000002,
            "max": 0.0028988107999999993,
            "count": 478
        },
        "DriveCar.Policy.Beta.sum": {
            "value": 0.0008994176000000002,
            "min": 0.0008994176000000002,
            "max": 0.0028988107999999993,
            "count": 478
        },
        "DriveCar.Losses.CuriosityForwardLoss.mean": {
            "value": 0.017490116857516114,
            "min": 0.01567262742901221,
            "max": 0.025332695484394208,
            "count": 478
        },
        "DriveCar.Losses.CuriosityForwardLoss.sum": {
            "value": 0.017490116857516114,
            "min": 0.01567262742901221,
            "max": 0.025332695484394208,
            "count": 478
        },
        "DriveCar.Losses.CuriosityInverseLoss.mean": {
            "value": 0.7432813588529825,
            "min": 0.7415550500154495,
            "max": 1.0429491540417075,
            "count": 478
        },
        "DriveCar.Losses.CuriosityInverseLoss.sum": {
            "value": 0.7432813588529825,
            "min": 0.7415550500154495,
            "max": 1.0429491540417075,
            "count": 478
        }
    },
    "metadata": {
        "timer_format_version": "0.1.0",
        "start_time_seconds": "1714500582",
        "python_version": "3.10.12 | packaged by Anaconda, Inc. | (main, Jul  5 2023, 19:01:18) [MSC v.1916 64 bit (AMD64)]",
        "command_line_arguments": "\\\\?\\C:\\Users\\nagyd\\anaconda3\\envs\\mlagents\\Scripts\\mlagents-learn results\\CumulativeFinal\\configuration.yaml --resume",
        "mlagents_version": "1.0.0",
        "mlagents_envs_version": "1.0.0",
        "communication_protocol_version": "1.5.0",
        "pytorch_version": "2.2.1+cu121",
        "numpy_version": "1.23.3",
        "end_time_seconds": "1714545141"
    },
    "total": 44559.654169,
    "count": 1,
    "self": 0.008559300003980752,
    "children": {
        "run_training.setup": {
            "total": 0.08594720000019151,
            "count": 1,
            "self": 0.08594720000019151
        },
        "TrainerController.start_learning": {
            "total": 44559.559662499996,
            "count": 1,
            "self": 36.50595180525124,
            "children": {
                "TrainerController._reset_env": {
                    "total": 8.624727800000073,
                    "count": 1,
                    "self": 8.624727800000073
                },
                "TrainerController.advance": {
                    "total": 44514.15025719475,
                    "count": 3356427,
                    "self": 37.46850149759848,
                    "children": {
                        "env_step": {
                            "total": 30402.612556595825,
                            "count": 3356427,
                            "self": 13247.480082903432,