{
    "name": "root",
    "gauges": {
        "DriveCar.Policy.Entropy.mean": {
            "value": 2.0945661067962646,
            "min": 2.0898537635803223,
            "max": 2.188466787338257,
            "count": 1202
        },
        "DriveCar.Policy.Entropy.sum": {
            "value": 100539.171875,
            "min": 51950.23828125,
            "max": 157414.59375,
            "count": 1202
        },
        "DriveCar.Step.mean": {
            "value": 153949000.0,
            "min": 93899000.0,
            "max": 153949000.0,
            "count": 1202
        },
        "DriveCar.Step.sum": {
            "value": 153949000.0,
            "min": 93899000.0,
            "max": 153949000.0,
            "count": 1202
        },
        "DriveCar.Policy.ExtrinsicValueEstimate.mean": {
            "value": 8.75911808013916,
            "min": 7.394901752471924,
            "max": 9.602102279663086,
            "count": 1202
        },
        "DriveCar.Policy.ExtrinsicValueEstimate.sum": {
            "value": 437.9559020996094,
            "min": 87.95703125,
            "max": 480.1051330566406,
            "count": 1202
        },
        "DriveCar.IsTraining.mean": {
            "value": 1.0,
            "min": 1.0,
            "max": 1.0,
            "count": 1202
        },
        "DriveCar.IsTraining.sum": {
            "value": 1.0,
            "min": 1.0,
            "max": 1.0,
            "count": 1202
        },
        "DriveCar.Environment.EpisodeLength.mean": {
            "value": 2999.0,
            "min": 2999.0,
            "max": 2999.0,
            "count": 834
        },
        "DriveCar.Environment.EpisodeLength.sum": {
            "value": 71976.0,
            "min": 71976.0,
            "max": 71976.0,
            "count": 834
        },
        "DriveCar.Environment.CumulativeReward.mean": {
            "value": 260.1509241660436,
            "min": 147.66564178466797,
            "max": 312.8249931335449,
            "count": 1201
        },
        "DriveCar.Environment.CumulativeReward.sum": {
            "value": 6243.622179985046,
            "min": 442.9969253540039,
            "max": 6493.211128234863,
            "count": 1201
        },
        "DriveCar.Policy.ExtrinsicReward.mean": {
            "value": 260.1509241660436,
            "min": 147.66564178466797,
            "max": 312.8249931335449,
            "count": 1201
        },
        "DriveCar.Policy.ExtrinsicReward.sum": {
            "value": 6243.622179985046,
            "min": 442.9969253540039,
            "max": 6493.211128234863,
            "count": 1201
        },
        "DriveCar.Losses.PolicyLoss.mean": {
            "value": 0.011703722326360765,
            "min": 0.00882295367515932,
            "max": 0.013992097846702174,
            "count": 278
        },
        "DriveCar.Losses.PolicyLoss.sum": {
            "value": 0.011703722326360765,
            "min": 0.00882295367515932,
            "max": 0.013992097846702174,
            "count": 278
        },
        "DriveCar.Losses.ValueLoss.mean": {
            "value": 0.055717597438377287,
            "min": 0.01482164693464126,
            "max": 0.18894216458180121,
            "count": 278
        },
        "DriveCar.Losses.ValueLoss.sum": {
            "value": 0.055717597438377287,
            "min": 0.01482164693464126,
            "max": 0.18894216458180121,
            "count": 278
        },
        "DriveCar.Policy.LearningRate.mean": {
            "value": 6.909607696799997e-05,
            "min": 6.909607696799997e-05,
            "max": 0.00015884404705199996,
            "count": 278
        },
        "DriveCar.Policy.LearningRate.sum": {
            "value": 6.909607696799997e-05,
            "min": 6.909607696799997e-05,
            "max": 0.00015884404705199996,
            "count": 278
        },
        "DriveCar.Policy.Epsilon.mean": {
            "value": 0.11151599999999998,
            "min": 0.11151599999999998,
            "max": 0.126474,
            "count": 278
        },
        "DriveCar.Policy.Epsilon.sum": {
            "value": 0.11151599999999998,
            "min": 0.11151599999999998,
            "max": 0.126474,
            "count": 278
        },
        "DriveCar.Policy.Beta.mean": {
            "value": 0.0011592968000000003,
            "min": 0.0011592968000000003,
            "max": 0.0026521052000000006,
            "count": 278
        },
        "DriveCar.Policy.Beta.sum": {
            "value": 0.0011592968000000003,
            "min": 0.0011592968000000003,
            "max": 0.0026521052000000006,
            "count": 278
        }
    },
    "metadata": {
        "timer_format_version": "0.1.0",
        "start_time_seconds": "1716828060",
        "python_version": "3.10.12 | packaged by Anaconda, Inc. | (main, Jul  5 2023, 19:01:18) [MSC v.1916 64 bit (AMD64)]",
        "command_line_arguments": "\\\\?\\C:\\Users\\nagyd\\anaconda3\\envs\\mlagents\\Scripts\\mlagents-learn results\\FinalFinal\\configuration.yaml --resume",
        "mlagents_version": "1.0.0",
        "mlagents_envs_version": "1.0.0",
        "communication_protocol_version": "1.5.0",
        "pytorch_version": "2.2.1+cu121",
        "numpy_version": "1.23.3",
        "end_time_seconds": "1716875022"
    },
    "total": 46962.15336970001,
    "count": 1,
    "self": 0.004205300065223128,
    "children": {
        "run_training.setup": {
            "total": 0.07830479997210205,
            "count": 1,
            "self": 0.07830479997210205
        },
        "TrainerController.start_learning": {
            "total": 46962.070859599975,
            "count": 1,
            "self": 31.254077787220012,
            "children": {
                "TrainerController._reset_env": {
                    "total": 9.0583027000539,
                    "count": 1,
                    "self": 9.0583027000539
                },
                "TrainerController.advance": {
                    "total": 46921.54664861271,
                    "count": 2504076,
                    "self": 31.45025183679536,
                    "children": {
                        "env_step": {
                            "total": 31002.431787665933,
                            "count": 2504076,
                            "self": 16183.567529207096,
                            "children": {
                                "SubprocessEnvManager._take_step": {
                                    "total": 14797.242112520908,
                                    "count": 2504076,
                                    "self": 123.65538840409135,
                                    "children": {
                                        "TorchPolicy.evaluate": {
                                            "total": 14673.586724116816,
                                            "count": 2504076,
                                            "self": 14673.586724116816
                                        }
                                    }
                                },
                                "workers": {
                                    "total": 21.622145937930327,
                                    "count": 2504075,
                                    "self": 0.0,
                                    "children": {
                                        "worker_root": {
                                            "total": 46918.75417231239,
                                            "count": 2504075,
                                            "is_parallel": true,
                                            "self": 33404.901024741645,
                                            "children": {
                                                "steps_from_proto": {
                                                    "total": 0.0009160999907180667,
                                                    "count": 1,
                                                    "is_parallel": true,