{
    "name": "root",
    "gauges": {
        "DriveCar.Policy.Entropy.mean": {
            "value": 1.6145652532577515,
            "min": 1.553350567817688,
            "max": 1.6145652532577515,
            "count": 38
        },
        "DriveCar.Policy.Entropy.sum": {
            "value": 87186.5234375,
            "min": 55999.578125,
            "max": 87186.5234375,
            "count": 38
        },
        "DriveCar.Step.mean": {
            "value": 23799518.0,
            "min": 21949518.0,
            "max": 23799518.0,
            "count": 38
        },
        "DriveCar.Step.sum": {
            "value": 23799518.0,
            "min": 21949518.0,
            "max": 23799518.0,
            "count": 38
        },
        "DriveCar.Policy.ExtrinsicValueEstimate.mean": {
            "value": 0.3128957152366638,
            "min": -1.7116990089416504,
            "max": 4.425046920776367,
            "count": 38
        },
        "DriveCar.Policy.ExtrinsicValueEstimate.sum": {
            "value": 15.64478588104248,
            "min": -85.58495330810547,
            "max": 221.25234985351562,
            "count": 38
        },
        "DriveCar.Policy.CuriosityValueEstimate.mean": {
            "value": 0.04426448047161102,
            "min": 0.03940609097480774,
            "max": 0.055817022919654846,
            "count": 38
        },
        "DriveCar.Policy.CuriosityValueEstimate.sum": {
            "value": 2.213223934173584,
            "min": 1.9703046083450317,
            "max": 2.79085111618042,
            "count": 38
        },
        "DriveCar.Environment.EpisodeLength.mean": {
            "value": 2999.0,
            "min": 2999.0,
            "max": 2999.0,
            "count": 35
        },
        "DriveCar.Environment.EpisodeLength.sum": {
            "value": 53982.0,
            "min": 53982.0,
            "max": 53982.0,
            "count": 35
        },
        "DriveCar.Environment.CumulativeReward.mean": {
            "value": 3.2646540535820856,
            "min": -64.18693910326276,
            "max": 144.7123919895717,
            "count": 38
        },
        "DriveCar.Environment.CumulativeReward.sum": {
            "value": 58.76377296447754,
            "min": -1055.41286277771,
            "max": 2290.1102142333984,
            "count": 38
        },
        "DriveCar.Policy.ExtrinsicReward.mean": {
            "value": 3.2646540535820856,
            "min": -64.18693910326276,
            "max": 144.7123919895717,
            "count": 38
        },
        "DriveCar.Policy.ExtrinsicReward.sum": {
            "value": 58.76377296447754,
            "min": -1055.41286277771,
            "max": 2290.1102142333984,
            "count": 38
        },
        "DriveCar.Policy.CuriosityReward.mean": {
            "value": 1.118420792847044,
            "min": 0.0,
            "max": 2.950099624161209,
            "count": 38
        },
        "DriveCar.Policy.CuriosityReward.sum": {
            "value": 20.13157427124679,
            "min": 0.0,
            "max": 41.30139473825693,
            "count": 38
        },
        "DriveCar.IsTraining.mean": {
            "value": 1.0,
            "min": 1.0,
            "max": 1.0,
            "count": 38
        },
        "DriveCar.IsTraining.sum": {
            "value": 1.0,
            "min": 1.0,
            "max": 1.0,
            "count": 38
        },
        "DriveCar.Losses.PolicyLoss.mean": {
            "value": 0.016029611434870666,
            "min": 0.01374894490477995,
            "max": 0.020275437974955172,
            "count": 21
        },
        "DriveCar.Losses.PolicyLoss.sum": {
            "value": 0.016029611434870666,
            "min": 0.01374894490477995,
            "max": 0.020275437974955172,
            "count": 21
        },
        "DriveCar.Losses.ValueLoss.mean": {
            "value": 0.17129004209169318,
            "min": 0.019042528793215753,
            "max": 0.17129004209169318,
            "count": 21
        },
        "DriveCar.Losses.ValueLoss.sum": {
            "value": 0.17129004209169318,
            "min": 0.019042528793215753,
            "max": 0.17129004209169318,
            "count": 21
        },
        "DriveCar.Policy.LearningRate.mean": {
            "value": 0.00026430973489675896,
            "min": 0.00026430973489675896,
            "max": 0.0002670097339967589,
            "count": 21
        },
        "DriveCar.Policy.LearningRate.sum": {
            "value": 0.00026430973489675896,
            "min": 0.00026430973489675896,
            "max": 0.0002670097339967589,
            "count": 21
        },
        "DriveCar.Policy.Epsilon.mean": {
            "value": 0.14405162050000003,
            "min": 0.14405162050000003,
            "max": 0.1445016205,
            "count": 21
        },
        "DriveCar.Policy.Epsilon.sum": {
            "value": 0.14405162050000003,
            "min": 0.14405162050000003,
            "max": 0.1445016205,
            "count": 21
        },
        "DriveCar.Policy.Beta.mean": {
            "value": 0.004406351725899999,
            "min": 0.004406351725899999,
            "max": 0.0044512617259000005,
            "count": 21
        },
        "DriveCar.Policy.Beta.sum": {
            "value": 0.004406351725899999,
            "min": 0.004406351725899999,
            "max": 0.0044512617259000005,
            "count": 21
        },
        "DriveCar.Losses.CuriosityForwardLoss.mean": {
            "value": 0.014637172441663487,
            "min": 0.012724009375753147,
            "max": 0.026552415333156075,
            "count": 21
        },
        "DriveCar.Losses.CuriosityForwardLoss.sum": {
            "value": 0.014637172441663487,
            "min": 0.012724009375753147,
            "max": 0.026552415333156075,
            "count": 21
        },
        "DriveCar.Losses.CuriosityInverseLoss.mean": {
            "value": 3.108804305962154,
            "min": 2.743807131903512,
            "max": 3.108804305962154,
            "count": 21
        },
        "DriveCar.Losses.CuriosityInverseLoss.sum": {
            "value": 3.108804305962154,
            "min": 2.743807131903512,
            "max": 3.108804305962154,
            "count": 21
        }
    },
    "metadata": {
        "timer_format_version": "0.1.0",
        "start_time_seconds": "1715282084",
        "python_version": "3.10.12 | packaged by Anaconda, Inc. | (main, Jul  5 2023, 19:01:18) [MSC v.1916 64 bit (AMD64)]",
        "command_line_arguments": "\\\\?\\C:\\Users\\nagyd\\anaconda3\\envs\\mlagents\\Scripts\\mlagents-learn results\\CarDrive\\configuration.yaml --resume",
        "mlagents_version": "1.0.0",
        "mlagents_envs_version": "1.0.0",
        "communication_protocol_version": "1.5.0",
        "pytorch_version": "2.2.1+cu121",
        "numpy_version": "1.23.3",
        "end_time_seconds": "1715284442"
    },
    "total": 2358.2822862999747,
    "count": 1,
    "self": 0.005331199965439737,
    "children": {
        "run_training.setup": {
            "total": 0.07606819999637082,
            "count": 1,
            "self": 0.07606819999637082
        },
        "TrainerController.start_learning": {
            "total": 2358.200886900013,
            "count": 1,
            "self": 1.9947832055040635,
            "children": {
                "TrainerController._reset_env": {
                    "total": 8.879704100021627,
                    "count": 1,
                    "self": 8.879704100021627
                },
                "TrainerController.advance": {
                    "total": 2346.9745526944753,
                    "count": 108000,
                    "self": 2.001947694050614,
                    "children": {
                        "env_step": {
                            "total": 1385.3984321963799,
                            "count": 108000,
                            "self": 721.4964122004458,