{
    "name": "root",
    "gauges": {
        "DriveCar.Policy.Entropy.mean": {
            "value": -0.38141247630119324,
            "min": -0.38349103927612305,
            "max": -0.20934627950191498,
            "count": 170
        },
        "DriveCar.Policy.Entropy.sum": {
            "value": -18307.798828125,
            "min": -24114.171875,
            "max": -10048.62109375,
            "count": 170
        },
        "DriveCar.Step.mean": {
            "value": 72399000.0,
            "min": 63949000.0,
            "max": 72399000.0,
            "count": 170
        },
        "DriveCar.Step.sum": {
            "value": 72399000.0,
            "min": 63949000.0,
            "max": 72399000.0,
            "count": 170
        },
        "DriveCar.Policy.ExtrinsicValueEstimate.mean": {
            "value": 6.518240928649902,
            "min": 2.326982259750366,
            "max": 7.450318813323975,
            "count": 170
        },
        "DriveCar.Policy.ExtrinsicValueEstimate.sum": {
            "value": 325.91204833984375,
            "min": 116.34911346435547,
            "max": 372.51593017578125,
            "count": 170
        },
        "DriveCar.Environment.EpisodeLength.mean": {
            "value": 2999.0,
            "min": 2999.0,
            "max": 2999.0,
            "count": 170
        },
        "DriveCar.Environment.EpisodeLength.sum": {
            "value": 47984.0,
            "min": 47984.0,
            "max": 95968.0,
            "count": 170
        },
        "DriveCar.Environment.CumulativeReward.mean": {
            "value": 96.23889823092355,
            "min": 33.28889169295629,
            "max": 108.50313603878021,
            "count": 170
        },
        "DriveCar.Environment.CumulativeReward.sum": {
            "value": 1732.3001681566238,
            "min": 599.2000504732132,
            "max": 1932.1501846313477,
            "count": 170
        },
        "DriveCar.Policy.ExtrinsicReward.mean": {
            "value": 96.23889823092355,
            "min": 33.28889169295629,
            "max": 108.50313603878021,
            "count": 170
        },
        "DriveCar.Policy.ExtrinsicReward.sum": {
            "value": 1732.3001681566238,
            "min": 599.2000504732132,
            "max": 1932.1501846313477,
            "count": 170
        },
        "DriveCar.IsTraining.mean": {
            "value": 1.0,
            "min": 1.0,
            "max": 1.0,
            "count": 170
        },
        "DriveCar.IsTraining.sum": {
            "value": 1.0,
            "min": 1.0,
            "max": 1.0,
            "count": 170
        },
        "DriveCar.Losses.PolicyLoss.mean": {
            "value": 0.018192830530967076,
            "min": 0.01371993260640327,
            "max": 0.02226999223880146,
            "count": 169
        },
        "DriveCar.Losses.PolicyLoss.sum": {
            "value": 0.018192830530967076,
            "min": 0.01371993260640327,
            "max": 0.03825712970802156,
            "count": 169
        },
        "DriveCar.Losses.ValueLoss.mean": {
            "value": 0.15089477793030118,
            "min": 0.0708309430224092,
            "max": 0.30743137204452703,
            "count": 169
        },
        "DriveCar.Losses.ValueLoss.sum": {
            "value": 0.15089477793030118,
            "min": 0.0708309430224092,
            "max": 0.3437515255873618,
            "count": 169
        },
        "DriveCar.Policy.LearningRate.mean": {
            "value": 0.00015529604823466672,
            "min": 0.00015529604823466672,
            "max": 0.00017209604263466668,
            "count": 169
        },
        "DriveCar.Policy.LearningRate.sum": {
            "value": 0.00015529604823466672,
            "min": 0.00015529604823466672,
            "max": 0.0003439040853653334,
            "count": 169
        },
        "DriveCar.Policy.Epsilon.mean": {
            "value": 0.15176533333333334,
            "min": 0.15176533333333334,
            "max": 0.15736533333333333,
            "count": 169
        },
        "DriveCar.Policy.Epsilon.sum": {
            "value": 0.15176533333333334,
            "min": 0.15176533333333334,
            "max": 0.3146346666666666,
            "count": 169
        },
        "DriveCar.Policy.Beta.mean": {
            "value": 0.0015577834666666665,
            "min": 0.0015577834666666665,
            "max": 0.001725223466666667,
            "count": 169
        },
        "DriveCar.Policy.Beta.sum": {
            "value": 0.0015577834666666665,
            "min": 0.0015577834666666665,
            "max": 0.003447576533333333,
            "count": 169
        }
    },
    "metadata": {
        "timer_format_version": "0.1.0",
        "start_time_seconds": "1713712548",
        "python_version": "3.10.12 | packaged by Anaconda, Inc. | (main, Jul  5 2023, 19:01:18) [MSC v.1916 64 bit (AMD64)]",
        "command_line_arguments": "\\\\?\\C:\\Users\\nagyd\\anaconda3\\envs\\mlagents\\Scripts\\mlagents-learn results\\StackedRays\\configuration.yaml --resume",
        "mlagents_version": "1.0.0",
        "mlagents_envs_version": "1.0.0",
        "communication_protocol_version": "1.5.0",
        "pytorch_version": "2.2.1+cu121",
        "numpy_version": "1.23.3",
        "end_time_seconds": "1713721672"
    },
    "total": 9123.44080370001,
    "count": 1,
    "self": 0.005988399963825941,
    "children": {
        "run_training.setup": {
            "total": 0.09229649999178946,
            "count": 1,
            "self": 0.09229649999178946
        },
        "TrainerController.start_learning": {
            "total": 9123.342518800055,
            "count": 1,
            "self": 12.247351015801542,
            "children": {
                "TrainerController._reset_env": {
                    "total": 10.35671659995569,
                    "count": 1,
                    "self": 10.35671659995569
                },
                "TrainerController.advance": {
                    "total": 9100.630943784257,
                    "count": 534000,
                    "self": 12.04470789025072,
                    "children": {
                        "env_step": {
                            "total": 5311.642470788211,
                            "count": 534000,
                            "self": 2845.982132787991,
                            "children": {
                                "SubprocessEnvManager._take_step": {
                                    "total": 2458.2877781882416,
                                    "count": 534000,
                                    "self": 41.93652618286433,
                                    "children": {
                                        "TorchPolicy.evaluate": {
                                            "total": 2416.3512520053773,
                                            "count": 534000,
                                            "self": 2416.3512520053773
                                        }
                                    }
                                },
                                "workers": {
                                    "total": 7.372559811978135,
                                    "count": 534000,
                                    "self": 0.0,
                                    "children": {
                                        "worker_root": {
                                            "total": 9088.483790883562,
                                            "count": 534000,
                                            "is_parallel": true,
                                            "self": 7126.462949798675,
                                            "children": {
                                                "steps_from_proto": {
                                                    "total": 0.0018341999966651201,
                                                    "count": 1,