{
    "name": "root",
    "gauges": {
        "DriveCar.Policy.Entropy.mean": {
            "value": 1.4942435026168823,
            "min": 1.4942435026168823,
            "max": 1.5134427547454834,
            "count": 495
        },
        "DriveCar.Policy.Entropy.sum": {
            "value": 71723.6875,
            "min": 36063.078125,
            "max": 108927.09375,
            "count": 495
        },
        "DriveCar.Step.mean": {
            "value": 173799000.0,
            "min": 149099000.0,
            "max": 173799000.0,
            "count": 495
        },
        "DriveCar.Step.sum": {
            "value": 173799000.0,
            "min": 149099000.0,
            "max": 173799000.0,
            "count": 495
        },
        "DriveCar.Policy.ExtrinsicValueEstimate.mean": {
            "value": 7.796552658081055,
            "min": 4.993189811706543,
            "max": 8.240911483764648,
            "count": 495
        },
        "DriveCar.Policy.ExtrinsicValueEstimate.sum": {
            "value": 389.82763671875,
            "min": 159.4986114501953,
            "max": 412.0455627441406,
            "count": 495
        },
        "DriveCar.IsTraining.mean": {
            "value": 1.0,
            "min": 1.0,
            "max": 1.0,
            "count": 495
        },
        "DriveCar.IsTraining.sum": {
            "value": 1.0,
            "min": 1.0,
            "max": 1.0,
            "count": 495
        },
        "DriveCar.Environment.EpisodeLength.mean": {
            "value": 2999.0,
            "min": 2999.0,
            "max": 2999.0,
            "count": 343
        },
        "DriveCar.Environment.EpisodeLength.sum": {
            "value": 71976.0,
            "min": 71976.0,
            "max": 71976.0,
            "count": 343
        },
        "DriveCar.Environment.CumulativeReward.mean": {
            "value": 216.02865961323613,
            "min": 33.35563850402832,
            "max": 309.84999084472656,
            "count": 494
        },
        "DriveCar.Environment.CumulativeReward.sum": {
            "value": 4968.659171104431,
            "min": 154.12971210479736,
            "max": 5523.437295913696,
            "count": 494
        },
        "DriveCar.Policy.ExtrinsicReward.mean": {
            "value": 216.02865961323613,
            "min": 33.35563850402832,
            "max": 309.84999084472656,
            "count": 494
        },
        "DriveCar.Policy.ExtrinsicReward.sum": {
            "value": 4968.659171104431,
            "min": 154.12971210479736,
            "max": 5523.437295913696,
            "count": 494
        },
        "DriveCar.Losses.PolicyLoss.mean": {
            "value": 0.011309511745518344,
            "min": 0.00972873452692944,
            "max": 0.012804856547572421,
            "count": 114
        },
        "DriveCar.Losses.PolicyLoss.sum": {
            "value": 0.011309511745518344,
            "min": 0.00972873452692944,
            "max": 0.012804856547572421,
            "count": 114
        },
        "DriveCar.Losses.ValueLoss.mean": {
            "value": 0.06918895064986177,
            "min": 0.045303102693564835,
            "max": 0.2821825075717199,
            "count": 114
        },
        "DriveCar.Losses.ValueLoss.sum": {
            "value": 0.06918895064986177,
            "min": 0.045303102693564835,
            "max": 0.2821825075717199,
            "count": 114
        },
        "DriveCar.Policy.LearningRate.mean": {
            "value": 3.945008684999998e-05,
            "min": 3.945008684999998e-05,
            "max": 7.6062074646e-05,
            "count": 114
        },
        "DriveCar.Policy.LearningRate.sum": {
            "value": 3.945008684999998e-05,
            "min": 3.945008684999998e-05,
            "max": 7.6062074646e-05,
            "count": 114
        },
        "DriveCar.Policy.Epsilon.mean": {
            "value": 0.10657500000000002,
            "min": 0.10657500000000002,
            "max": 0.11267699999999999,
            "count": 114
        },
        "DriveCar.Policy.Epsilon.sum": {
            "value": 0.10657500000000002,
            "min": 0.10657500000000002,
            "max": 0.11267699999999999,
            "count": 114
        },
        "DriveCar.Policy.Beta.mean": {
            "value": 0.0006661849999999998,
            "min": 0.0006661849999999998,
            "max": 0.0012751646,
            "count": 114
        },
        "DriveCar.Policy.Beta.sum": {
            "value": 0.0006661849999999998,
            "min": 0.0006661849999999998,
            "max": 0.0012751646,
            "count": 114
        }
    },
    "metadata": {
        "timer_format_version": "0.1.0",
        "start_time_seconds": "1716669247",
        "python_version": "3.10.12 | packaged by Anaconda, Inc. | (main, Jul  5 2023, 19:01:18) [MSC v.1916 64 bit (AMD64)]",
        "command_line_arguments": "\\\\?\\C:\\Users\\nagyd\\anaconda3\\envs\\mlagents\\Scripts\\mlagents-learn results\\Final\\configuration.yaml --resume",
        "mlagents_version": "1.0.0",
        "mlagents_envs_version": "1.0.0",
        "communication_protocol_version": "1.5.0",
        "pytorch_version": "2.2.1+cu121",
        "numpy_version": "1.23.3",
        "end_time_seconds": "1716688171"
    },
    "total": 18924.783721500018,
    "count": 1,
    "self": 0.009778500039828941,
    "children": {
        "run_training.setup": {
            "total": 0.08470399997895584,
            "count": 1,
            "self": 0.08470399997895584
        },
        "TrainerController.start_learning": {
            "total": 18924.689239,
            "count": 1,
            "self": 12.656500029581366,
            "children": {
                "TrainerController._reset_env": {
                    "total": 11.436323300004005,
                    "count": 1,
                    "self": 11.436323300004005
                },
                "TrainerController.advance": {
                    "total": 18900.24774207041,
                    "count": 1032079,
                    "self": 12.251495747506851,
                    "children": {
                        "env_step": {
                            "total": 12507.077713939972,
                            "count": 1032079,
                            "self": 6454.386689855921,
                            "children": {
                                "SubprocessEnvManager._take_step": {
                                    "total": 6043.940772200789,
                                    "count": 1032079,
                                    "self": 49.948985611466924,
                                    "children": {
                                        "TorchPolicy.evaluate": {
                                            "total": 5993.991786589322,
                                            "count": 1032079,
                                            "self": 5993.991786589322
                                        }
                                    }
                                },
                                "workers": {
                                    "total": 8.750251883262536,
                                    "count": 1032078,
                                    "self": 0.0,
                                    "children": {
                                        "worker_root": {
                                            "total": 18900.855731676478,
                                            "count": 1032078,
                                            "is_parallel": true,
                                            "self": 13534.89949207878,
                                            "children": {
                                                "steps_from_proto": {
                                                    "total": 0.0010183000122196972,
                                                    "count": 1,
                                                    "is_parallel": true,